{
    "version": 2,
    "routes": [
        {
            "src": "/api/*",
            "headers": {
                "Access-Control-Allow-Origin": "*",
                "Access-Control-Allow-Headers": "Origin, X-Requested-With, Content-Type, Accept"
            },
            "continue": true
        },
        {
            "src": "/api/.*",
            "headers": {
                "Access-Control-Allow-Origin": "*",
                "Access-Control-Allow-Headers": "Origin, X-Requested-With, Content-Type, Accept"
            },
            "continue": true
        }
    ]
}